 INSERT INTO usuario (id, nome_usuario, email, senha, bio) VALUES
(1, 'usuario01', 'usuario01@email.com', 'senha001', 'Bio do usuario 1'),
(2, 'usuario02', 'usuario02@email.com', 'senha002', 'Bio do usuario 2'),
(3, 'usuario03', 'usuario03@email.com', 'senha003', 'Bio do usuario 3'),
(4, 'usuario04', 'usuario04@email.com', 'senha004', 'Bio do usuario 4'),
(5, 'usuario05', 'usuario05@email.com', 'senha005', NULL),
(6, 'usuario06', 'usuario06@email.com', 'senha006', 'Bio do usuario 6'),
(7, 'usuario07', 'usuario07@email.com', 'senha007', 'Bio do usuario 7'),
(8, 'usuario08', 'usuario08@email.com', 'senha008', 'Bio do usuario 8'),
(9, 'usuario09', 'usuario09@email.com', 'senha009', 'Bio do usuario 9'),
(10, 'usuario10', 'usuario10@email.com', 'senha010', NULL),
(11, 'usuario11', 'usuario11@email.com', 'senha011', 'Bio do usuario 11'),
(12, 'usuario12', 'usuario12@email.com', 'senha012', 'Bio do usuario 12'),
(13, 'usuario13', 'usuario13@email.com', 'senha013', 'Bio do usuario 13'),
(14, 'usuario14', 'usuario14@email.com', 'senha014', 'Bio do usuario 14'),
(15, 'usuario15', 'usuario15@email.com', 'senha015', NULL),
(16, 'usuario16', 'usuario16@email.com', 'senha016', 'Bio do usuario 16'),
(17, 'usuario17', 'usuario17@email.com', 'senha017', 'Bio do usuario 17'),
(18, 'usuario18', 'usuario18@email.com', 'senha018', 'Bio do usuario 18'),
(19, 'usuario19', 'usuario19@email.com', 'senha019', 'Bio do usuario 19'),
(20, 'usuario20', 'usuario20@email.com', 'senha020', NULL);
 
INSERT INTO repositorio (id, nome, leia_me, estrelas, visualizacoes) VALUES
(1, 'repositorio-01', 'Leia-me do repositorio 1', 37, 150),
(2, 'repositorio-02', 'Leia-me do repositorio 2', 74, 300),
(3, 'repositorio-03', 'Leia-me do repositorio 3', 111, 450),
(4, 'repositorio-04', 'Leia-me do repositorio 4', 148, 600),
(5, 'repositorio-05', 'Leia-me do repositorio 5', 185, 750),
(6, 'repositorio-06', 'Leia-me do repositorio 6', 222, 900),
(7, 'repositorio-07', 'Leia-me do repositorio 7', 259, 1050),
(8, 'repositorio-08', 'Leia-me do repositorio 8', 296, 1200),
(9, 'repositorio-09', 'Leia-me do repositorio 9', 333, 1350),
(10, 'repositorio-10', 'Leia-me do repositorio 10', 370, 1500),
(11, 'repositorio-11', 'Leia-me do repositorio 11', 407, 1650),
(12, 'repositorio-12', 'Leia-me do repositorio 12', 444, 1800),
(13, 'repositorio-13', 'Leia-me do repositorio 13', 481, 1950),
(14, 'repositorio-14', 'Leia-me do repositorio 14', 518, 2100),
(15, 'repositorio-15', 'Leia-me do repositorio 15', 555, 2250),
(16, 'repositorio-16', 'Leia-me do repositorio 16', 592, 2400),
(17, 'repositorio-17', 'Leia-me do repositorio 17', 629, 2550),
(18, 'repositorio-18', 'Leia-me do repositorio 18', 666, 2700),
(19, 'repositorio-19', 'Leia-me do repositorio 19', 703, 2850),
(20, 'repositorio-20', 'Leia-me do repositorio 20', 740, 3000);
 
INSERT INTO contribuidor (id_usuario, id_repositorio, qtd_adicoes, qtd_exclusoes) VALUES
(1, 5, 10, 2),
(2, 6, 20, 4),
(3, 7, 30, 6),
(4, 8, 40, 8),
(5, 9, 50, 10),
(6, 10, 60, 12),
(7, 11, 70, 14),
(8, 12, 80, 16),
(9, 13, 90, 18),
(10, 14, 100, 20),
(11, 15, 110, 22),
(12, 16, 120, 24),
(13, 17, 130, 26),
(14, 18, 140, 28),
(15, 19, 150, 30),
(16, 20, 160, 32),
(17, 1, 170, 34),
(18, 2, 180, 36),
(19, 3, 190, 38),
(20, 4, 200, 40);
 
INSERT INTO problema (id, autor, id_repositorio, titulo, numero_problema, descricao, status, hora_criacao, hora_modificaçao, hora_conclusao) VALUES
(1, 2, 4, 'Problema 1', 1, 'Descricao do problema 1', 'fechado', '2026-02-02 09:00:00', '2026-02-02 12:00:00', '2026-02-02 18:00:00'),
(2, 3, 5, 'Problema 2', 2, 'Descricao do problema 2', 'em_andamento', '2026-03-03 09:00:00', '2026-03-03 12:00:00', NULL),
(3, 4, 6, 'Problema 3', 3, 'Descricao do problema 3', 'aberto', '2026-04-04 09:00:00', '2026-04-04 12:00:00', NULL),
(4, 5, 7, 'Problema 4', 4, 'Descricao do problema 4', 'fechado', '2026-05-05 09:00:00', '2026-05-05 12:00:00', '2026-05-05 18:00:00'),
(5, 6, 8, 'Problema 5', 5, 'Descricao do problema 5', 'em_andamento', '2026-06-06 09:00:00', '2026-06-06 12:00:00', NULL),
(6, 7, 9, 'Problema 6', 6, 'Descricao do problema 6', 'aberto', '2026-07-07 09:00:00', '2026-07-07 12:00:00', NULL),
(7, 8, 10, 'Problema 7', 7, 'Descricao do problema 7', 'fechado', '2026-08-08 09:00:00', '2026-08-08 12:00:00', '2026-08-08 18:00:00'),
(8, 9, 11, 'Problema 8', 8, 'Descricao do problema 8', 'em_andamento', '2026-09-09 09:00:00', '2026-09-09 12:00:00', NULL),
(9, 10, 12, 'Problema 9', 9, 'Descricao do problema 9', 'aberto', '2026-01-10 09:00:00', '2026-01-10 12:00:00', NULL),
(10, 11, 13, 'Problema 10', 10, 'Descricao do problema 10', 'fechado', '2026-02-11 09:00:00', '2026-02-11 12:00:00', '2026-02-11 18:00:00'),
(11, 12, 14, 'Problema 11', 11, 'Descricao do problema 11', 'em_andamento', '2026-03-12 09:00:00', '2026-03-12 12:00:00', NULL),
(12, 13, 15, 'Problema 12', 12, 'Descricao do problema 12', 'aberto', '2026-04-13 09:00:00', '2026-04-13 12:00:00', NULL),
(13, 14, 16, 'Problema 13', 13, 'Descricao do problema 13', 'fechado', '2026-05-14 09:00:00', '2026-05-14 12:00:00', '2026-05-14 18:00:00'),
(14, 15, 17, 'Problema 14', 14, 'Descricao do problema 14', 'em_andamento', '2026-06-15 09:00:00', '2026-06-15 12:00:00', NULL),
(15, 16, 18, 'Problema 15', 15, 'Descricao do problema 15', 'aberto', '2026-07-16 09:00:00', '2026-07-16 12:00:00', NULL),
(16, 17, 19, 'Problema 16', 16, 'Descricao do problema 16', 'fechado', '2026-08-17 09:00:00', '2026-08-17 12:00:00', '2026-08-17 18:00:00'),
(17, 18, 20, 'Problema 17', 17, 'Descricao do problema 17', 'em_andamento', '2026-09-18 09:00:00', '2026-09-18 12:00:00', NULL),
(18, 19, 1, 'Problema 18', 18, 'Descricao do problema 18', 'aberto', '2026-01-19 09:00:00', '2026-01-19 12:00:00', NULL),
(19, 20, 2, 'Problema 19', 19, 'Descricao do problema 19', 'fechado', '2026-02-20 09:00:00', '2026-02-20 12:00:00', '2026-02-20 18:00:00'),
(20, 1, 3, 'Problema 20', 20, 'Descricao do problema 20', 'em_andamento', '2026-03-21 09:00:00', '2026-03-21 12:00:00', NULL);
 
INSERT INTO responsavel_problema (id_responsavel, id_problema, hora_atribuicao) VALUES
(7, 1, '2026-05-02 10:00:00'),
(8, 2, '2026-05-03 10:00:00'),
(9, 3, '2026-05-04 10:00:00'),
(10, 4, '2026-05-05 10:00:00'),
(11, 5, '2026-05-06 10:00:00'),
(12, 6, '2026-05-07 10:00:00'),
(13, 7, '2026-05-08 10:00:00'),
(14, 8, '2026-05-09 10:00:00'),
(15, 9, '2026-05-10 10:00:00'),
(16, 10, '2026-05-11 10:00:00'),
(17, 11, '2026-05-12 10:00:00'),
(18, 12, '2026-05-13 10:00:00'),
(19, 13, '2026-05-14 10:00:00'),
(20, 14, '2026-05-15 10:00:00'),
(1, 15, '2026-05-16 10:00:00'),
(2, 16, '2026-05-17 10:00:00'),
(3, 17, '2026-05-18 10:00:00'),
(4, 18, '2026-05-19 10:00:00'),
(5, 19, '2026-05-20 10:00:00'),
(6, 20, '2026-05-21 10:00:00');
 
INSERT INTO etiqueta (id, id_problema, nome_etiqueta, cor_etiqueta, descricao_etiqueta) VALUES
(1, 1, 'bug', 'vermelho', 'Etiqueta bug'),
(2, 2, 'documentacao', 'azul', 'Etiqueta documentacao'),
(3, 3, 'enhancement', 'verde', 'Etiqueta enhancement'),
(4, 4, 'help wanted', 'amarelo', NULL),
(5, 5, 'wontfix', 'cinza', 'Etiqueta wontfix'),
(6, 6, 'duplicate', 'roxo', 'Etiqueta duplicate'),
(7, 7, 'question', 'laranja', 'Etiqueta question'),
(8, 8, 'invalid', 'preto', NULL),
(9, 9, 'good first issue', 'rosa', 'Etiqueta good first issue'),
(10, 10, 'feature', 'ciano', 'Etiqueta feature'),
(11, 11, 'bug', 'vermelho', 'Etiqueta bug'),
(12, 12, 'documentacao', 'azul', NULL),
(13, 13, 'enhancement', 'verde', 'Etiqueta enhancement'),
(14, 14, 'help wanted', 'amarelo', 'Etiqueta help wanted'),
(15, 15, 'wontfix', 'cinza', 'Etiqueta wontfix'),
(16, 16, 'duplicate', 'roxo', NULL),
(17, 17, 'question', 'laranja', 'Etiqueta question'),
(18, 18, 'invalid', 'preto', 'Etiqueta invalid'),
(19, 19, 'good first issue', 'rosa', 'Etiqueta good first issue'),
(20, 20, 'feature', 'ciano', NULL);
 
INSERT INTO comentario_do_problema (id, id_problema, id_autor, conteudo, hora_comentario) VALUES
(1, 3, 9, 'Comentario numero 1', '2026-05-02 14:00:00'),
(2, 4, 10, 'Comentario numero 2', '2026-05-03 14:00:00'),
(3, 5, 11, 'Comentario numero 3', '2026-05-04 14:00:00'),
(4, 6, 12, 'Comentario numero 4', '2026-05-05 14:00:00'),
(5, 7, 13, 'Comentario numero 5', '2026-05-06 14:00:00'),
(6, 8, 14, 'Comentario numero 6', '2026-05-07 14:00:00'),
(7, 9, 15, 'Comentario numero 7', '2026-05-08 14:00:00'),
(8, 10, 16, 'Comentario numero 8', '2026-05-09 14:00:00'),
(9, 11, 17, 'Comentario numero 9', '2026-05-10 14:00:00'),
(10, 12, 18, 'Comentario numero 10', '2026-05-11 14:00:00'),
(11, 13, 19, 'Comentario numero 11', '2026-05-12 14:00:00'),
(12, 14, 20, 'Comentario numero 12', '2026-05-13 14:00:00'),
(13, 15, 1, 'Comentario numero 13', '2026-05-14 14:00:00'),
(14, 16, 2, 'Comentario numero 14', '2026-05-15 14:00:00'),
(15, 17, 3, 'Comentario numero 15', '2026-05-16 14:00:00'),
(16, 18, 4, 'Comentario numero 16', '2026-05-17 14:00:00'),
(17, 19, 5, 'Comentario numero 17', '2026-05-18 14:00:00'),
(18, 20, 6, 'Comentario numero 18', '2026-05-19 14:00:00'),
(19, 1, 7, 'Comentario numero 19', '2026-05-20 14:00:00'),
(20, 2, 8, 'Comentario numero 20', '2026-05-21 14:00:00');
 
INSERT INTO etiqueta_problema (id_etiqueta, id_problema) VALUES
(1, 1),
(2, 2),
(3, 3),
(4, 4),
(5, 5),
(6, 6),
(7, 7),
(8, 8),
(9, 9),
(10, 10),
(11, 11),
(12, 12),
(13, 13),
(14, 14),
(15, 15),
(16, 16),
(17, 17),
(18, 18),
(19, 19),
(20, 20);
 
INSERT INTO configuracoes (id_repositorio, visibilidade, branch_padrao, permite_forks, permite_issues, permite_wiki) VALUES
(1, 'privado', 'master', FALSE, TRUE, TRUE),
(2, 'interno', 'develop', TRUE, TRUE, TRUE),
(3, 'publico', 'main', FALSE, FALSE, TRUE),
(4, 'privado', 'master', TRUE, TRUE, FALSE),
(5, 'interno', 'develop', FALSE, TRUE, TRUE),
(6, 'publico', 'main', TRUE, FALSE, TRUE),
(7, 'privado', 'master', FALSE, TRUE, TRUE),
(8, 'interno', 'develop', TRUE, TRUE, FALSE),
(9, 'publico', 'main', FALSE, FALSE, TRUE),
(10, 'privado', 'master', TRUE, TRUE, TRUE),
(11, 'interno', 'develop', FALSE, TRUE, TRUE),
(12, 'publico', 'main', TRUE, FALSE, FALSE),
(13, 'privado', 'master', FALSE, TRUE, TRUE),
(14, 'interno', 'develop', TRUE, TRUE, TRUE),
(15, 'publico', 'main', FALSE, FALSE, TRUE),
(16, 'privado', 'master', TRUE, TRUE, FALSE),
(17, 'interno', 'develop', FALSE, TRUE, TRUE),
(18, 'publico', 'main', TRUE, FALSE, TRUE),
(19, 'privado', 'master', FALSE, TRUE, TRUE),
(20, 'interno', 'develop', TRUE, TRUE, FALSE);
 
INSERT INTO seguranca_e_qualidade (id_repositorio, analise_dependencias, varredura_segredos, alertas_vulnerabilidade, hora_ultima_analise) VALUES
(1, 'desativado', 'ativado', 1, '2026-06-02 03:00:00'),
(2, 'ativado', 'desativado', 2, '2026-06-03 03:00:00'),
(3, 'desativado', 'ativado', 3, '2026-06-04 03:00:00'),
(4, 'ativado', 'desativado', 4, '2026-06-05 03:00:00'),
(5, 'desativado', 'ativado', 0, '2026-06-06 03:00:00'),
(6, 'ativado', 'desativado', 1, '2026-06-07 03:00:00'),
(7, 'desativado', 'ativado', 2, '2026-06-08 03:00:00'),
(8, 'ativado', 'desativado', 3, '2026-06-09 03:00:00'),
(9, 'desativado', 'ativado', 4, '2026-06-10 03:00:00'),
(10, 'ativado', 'desativado', 0, '2026-06-11 03:00:00'),
(11, 'desativado', 'ativado', 1, '2026-06-12 03:00:00'),
(12, 'ativado', 'desativado', 2, '2026-06-13 03:00:00'),
(13, 'desativado', 'ativado', 3, '2026-06-14 03:00:00'),
(14, 'ativado', 'desativado', 4, '2026-06-15 03:00:00'),
(15, 'desativado', 'ativado', 0, '2026-06-16 03:00:00'),
(16, 'ativado', 'desativado', 1, '2026-06-17 03:00:00'),
(17, 'desativado', 'ativado', 2, '2026-06-18 03:00:00'),
(18, 'ativado', 'desativado', 3, '2026-06-19 03:00:00'),
(19, 'desativado', 'ativado', 4, '2026-06-20 03:00:00'),
(20, 'ativado', 'desativado', 0, '2026-06-21 03:00:00');
 
INSERT INTO commit_ (sha_hash, id_repositorio, id_autor, mensagem, branch_origem, hora_commit, linhas_adicionadas, linhas_removidas) VALUES
('abc123abc123abc123abc123abc123abc123ab01', 6, 11, 'Commit numero 1', 'develop', '2026-05-02 08:01:00', 5, 2),
('abc123abc123abc123abc123abc123abc123ab02', 7, 12, 'Commit numero 2', 'feature/x', '2026-05-03 08:02:00', 10, 4),
('abc123abc123abc123abc123abc123abc123ab03', 8, 13, 'Commit numero 3', 'main', '2026-05-04 08:03:00', 15, 6),
('abc123abc123abc123abc123abc123abc123ab04', 9, 14, 'Commit numero 4', 'develop', '2026-05-05 08:04:00', 20, 8),
('abc123abc123abc123abc123abc123abc123ab05', 10, 15, 'Commit numero 5', 'feature/x', '2026-05-06 08:05:00', 25, 10),
('abc123abc123abc123abc123abc123abc123ab06', 11, 16, 'Commit numero 6', 'main', '2026-05-07 08:06:00', 30, 12),
('abc123abc123abc123abc123abc123abc123ab07', 12, 17, 'Commit numero 7', 'develop', '2026-05-08 08:07:00', 35, 14),
('abc123abc123abc123abc123abc123abc123ab08', 13, 18, 'Commit numero 8', 'feature/x', '2026-05-09 08:08:00', 40, 16),
('abc123abc123abc123abc123abc123abc123ab09', 14, 19, 'Commit numero 9', 'main', '2026-05-10 08:09:00', 45, 18),
('abc123abc123abc123abc123abc123abc123ab10', 15, 20, 'Commit numero 10', 'develop', '2026-05-11 08:10:00', 50, 20),
('abc123abc123abc123abc123abc123abc123ab11', 16, 1, 'Commit numero 11', 'feature/x', '2026-05-12 08:11:00', 55, 22),
('abc123abc123abc123abc123abc123abc123ab12', 17, 2, 'Commit numero 12', 'main', '2026-05-13 08:12:00', 60, 24),
('abc123abc123abc123abc123abc123abc123ab13', 18, 3, 'Commit numero 13', 'develop', '2026-05-14 08:13:00', 65, 26),
('abc123abc123abc123abc123abc123abc123ab14', 19, 4, 'Commit numero 14', 'feature/x', '2026-05-15 08:14:00', 70, 28),
('abc123abc123abc123abc123abc123abc123ab15', 20, 5, 'Commit numero 15', 'main', '2026-05-16 08:15:00', 75, 30),
('abc123abc123abc123abc123abc123abc123ab16', 1, 6, 'Commit numero 16', 'develop', '2026-05-17 08:16:00', 80, 32),
('abc123abc123abc123abc123abc123abc123ab17', 2, 7, 'Commit numero 17', 'feature/x', '2026-05-18 08:17:00', 85, 34),
('abc123abc123abc123abc123abc123abc123ab18', 3, 8, 'Commit numero 18', 'main', '2026-05-19 08:18:00', 90, 36),
('abc123abc123abc123abc123abc123abc123ab19', 4, 9, 'Commit numero 19', 'develop', '2026-05-20 08:19:00', 95, 38),
('abc123abc123abc123abc123abc123abc123ab20', 5, 10, 'Commit numero 20', 'feature/x', '2026-05-21 08:20:00', 100, 40);
 
INSERT INTO pull_request (id, id_repositorio, id_autor, numero_pr, titulo, descricao, status, branch_origem, branch_destino, hora_criacao, hora_fechamento) VALUES
(1, 8, 13, 1, 'PR 1', 'Descricao do PR 1', 'merged', 'feature/pr-1', 'main', '2026-05-02 09:00:00', '2026-05-02 20:00:00'),
(2, 9, 14, 2, 'PR 2', 'Descricao do PR 2', 'fechado', 'feature/pr-2', 'main', '2026-05-03 09:00:00', '2026-05-03 20:00:00'),
(3, 10, 15, 3, 'PR 3', 'Descricao do PR 3', 'aberto', 'feature/pr-3', 'main', '2026-05-04 09:00:00', NULL),
(4, 11, 16, 4, 'PR 4', 'Descricao do PR 4', 'merged', 'feature/pr-4', 'main', '2026-05-05 09:00:00', '2026-05-05 20:00:00'),
(5, 12, 17, 5, 'PR 5', 'Descricao do PR 5', 'fechado', 'feature/pr-5', 'main', '2026-05-06 09:00:00', '2026-05-06 20:00:00'),
(6, 13, 18, 6, 'PR 6', 'Descricao do PR 6', 'aberto', 'feature/pr-6', 'main', '2026-05-07 09:00:00', NULL),
(7, 14, 19, 7, 'PR 7', 'Descricao do PR 7', 'merged', 'feature/pr-7', 'main', '2026-05-08 09:00:00', '2026-05-08 20:00:00'),
(8, 15, 20, 8, 'PR 8', 'Descricao do PR 8', 'fechado', 'feature/pr-8', 'main', '2026-05-09 09:00:00', '2026-05-09 20:00:00'),
(9, 16, 1, 9, 'PR 9', 'Descricao do PR 9', 'aberto', 'feature/pr-9', 'main', '2026-05-10 09:00:00', NULL),
(10, 17, 2, 10, 'PR 10', 'Descricao do PR 10', 'merged', 'feature/pr-10', 'main', '2026-05-11 09:00:00', '2026-05-11 20:00:00'),
(11, 18, 3, 11, 'PR 11', 'Descricao do PR 11', 'fechado', 'feature/pr-11', 'main', '2026-05-12 09:00:00', '2026-05-12 20:00:00'),
(12, 19, 4, 12, 'PR 12', 'Descricao do PR 12', 'aberto', 'feature/pr-12', 'main', '2026-05-13 09:00:00', NULL),
(13, 20, 5, 13, 'PR 13', 'Descricao do PR 13', 'merged', 'feature/pr-13', 'main', '2026-05-14 09:00:00', '2026-05-14 20:00:00'),
(14, 1, 6, 14, 'PR 14', 'Descricao do PR 14', 'fechado', 'feature/pr-14', 'main', '2026-05-15 09:00:00', '2026-05-15 20:00:00'),
(15, 2, 7, 15, 'PR 15', 'Descricao do PR 15', 'aberto', 'feature/pr-15', 'main', '2026-05-16 09:00:00', NULL),
(16, 3, 8, 16, 'PR 16', 'Descricao do PR 16', 'merged', 'feature/pr-16', 'main', '2026-05-17 09:00:00', '2026-05-17 20:00:00'),
(17, 4, 9, 17, 'PR 17', 'Descricao do PR 17', 'fechado', 'feature/pr-17', 'main', '2026-05-18 09:00:00', '2026-05-18 20:00:00'),
(18, 5, 10, 18, 'PR 18', 'Descricao do PR 18', 'aberto', 'feature/pr-18', 'main', '2026-05-19 09:00:00', NULL),
(19, 6, 11, 19, 'PR 19', 'Descricao do PR 19', 'merged', 'feature/pr-19', 'main', '2026-05-20 09:00:00', '2026-05-20 20:00:00'),
(20, 7, 12, 20, 'PR 20', 'Descricao do PR 20', 'fechado', 'feature/pr-20', 'main', '2026-05-21 09:00:00', '2026-05-21 20:00:00');
 
INSERT INTO commit_pull_request (id_pull_request, sha_commit) VALUES
(1, 'abc123abc123abc123abc123abc123abc123ab01'),
(2, 'abc123abc123abc123abc123abc123abc123ab02'),
(3, 'abc123abc123abc123abc123abc123abc123ab03'),
(4, 'abc123abc123abc123abc123abc123abc123ab04'),
(5, 'abc123abc123abc123abc123abc123abc123ab05'),
(6, 'abc123abc123abc123abc123abc123abc123ab06'),
(7, 'abc123abc123abc123abc123abc123abc123ab07'),
(8, 'abc123abc123abc123abc123abc123abc123ab08'),
(9, 'abc123abc123abc123abc123abc123abc123ab09'),
(10, 'abc123abc123abc123abc123abc123abc123ab10'),
(11, 'abc123abc123abc123abc123abc123abc123ab11'),
(12, 'abc123abc123abc123abc123abc123abc123ab12'),
(13, 'abc123abc123abc123abc123abc123abc123ab13'),
(14, 'abc123abc123abc123abc123abc123abc123ab14'),
(15, 'abc123abc123abc123abc123abc123abc123ab15'),
(16, 'abc123abc123abc123abc123abc123abc123ab16'),
(17, 'abc123abc123abc123abc123abc123abc123ab17'),
(18, 'abc123abc123abc123abc123abc123abc123ab18'),
(19, 'abc123abc123abc123abc123abc123abc123ab19'),
(20, 'abc123abc123abc123abc123abc123abc123ab20');
 
INSERT INTO url_repositorio (id, fk_id_repositorio, url_repositorio) VALUES
(1, 1, 'https://repo/repositorio-01.com'),
(2, 2, 'https://repo/repositorio-02.com'),
(3, 3, 'https://repo/repositorio-03.com'),
(4, 4, 'https://repo/repositorio-04.com'),
(5, 5, 'https://repo/repositorio-05.com'),
(6, 6, 'https://repo/repositorio-06.com'),
(7, 7, 'https://repo/repositorio-07.com'),
(8, 8, 'https://repo/repositorio-08.com'),
(9, 9, 'https://repo/repositorio-09.com'),
(10, 10, 'https://repo/repositorio-10.com'),
(11, 11, 'https://repo/repositorio-11.com'),
(12, 12, 'https://repo/repositorio-12.com'),
(13, 13, 'https://repo/repositorio-13.com'),
(14, 14, 'https://repo/repositorio-14.com'),
(15, 15, 'https://repo/repositorio-15.com'),
(16, 16, 'https://repo/repositorio-16.com'),
(17, 17, 'https://repo/repositorio-17.com'),
(18, 18, 'https://repo/repositorio-18.com'),
(19, 19, 'https://repo/repositorio-19.com'),
(20, 20, 'https://repo/repositorio-20.com');
 
INSERT INTO arquivo (id_arquivo, fk_id_repositorio, nome_arquivo, fk_id_usuario_criador, data_criacao) VALUES
(1, 4, 'arquivo_01.txt', 5, '2026-04-02'),
(2, 5, 'arquivo_02.txt', 6, '2026-04-03'),
(3, 6, 'arquivo_03.txt', 7, '2026-04-04'),
(4, 7, 'arquivo_04.txt', 8, '2026-04-05'),
(5, 8, 'arquivo_05.txt', 9, '2026-04-06'),
(6, 9, 'arquivo_06.txt', 10, '2026-04-07'),
(7, 10, 'arquivo_07.txt', 11, '2026-04-08'),
(8, 11, 'arquivo_08.txt', 12, '2026-04-09'),
(9, 12, 'arquivo_09.txt', 13, '2026-04-10'),
(10, 13, 'arquivo_10.txt', 14, '2026-04-11'),
(11, 14, 'arquivo_11.txt', 15, '2026-04-12'),
(12, 15, 'arquivo_12.txt', 16, '2026-04-13'),
(13, 16, 'arquivo_13.txt', 17, '2026-04-14'),
(14, 17, 'arquivo_14.txt', 18, '2026-04-15'),
(15, 18, 'arquivo_15.txt', 19, '2026-04-16'),
(16, 19, 'arquivo_16.txt', 20, '2026-04-17'),
(17, 20, 'arquivo_17.txt', 1, '2026-04-18'),
(18, 1, 'arquivo_18.txt', 2, '2026-04-19'),
(19, 2, 'arquivo_19.txt', 3, '2026-04-20'),
(20, 3, 'arquivo_20.txt', 4, '2026-04-21');
 
INSERT INTO versao_arquivo (id_versao_arquivo, versao_arquivo, fk_id_arquivo, comentario, conteudo, data_criacao, fk_id_usuario_criador, fk_id_usuario_ultima_edicão, em_edicao) VALUES
(1, 'v1.1', 3, 'Ajustes na versao 1', 'Conteudo do arquivo versao 1', '2026-04-02', 7, 12, FALSE),
(2, 'v1.2', 4, 'Ajustes na versao 2', 'Conteudo do arquivo versao 2', '2026-04-03', 8, 13, TRUE),
(3, 'v1.3', 5, 'Ajustes na versao 3', 'Conteudo do arquivo versao 3', '2026-04-04', 9, 14, FALSE),
(4, 'v1.4', 6, 'Ajustes na versao 4', 'Conteudo do arquivo versao 4', '2026-04-05', 10, 15, TRUE),
(5, 'v1.5', 7, 'Ajustes na versao 5', 'Conteudo do arquivo versao 5', '2026-04-06', 11, 16, FALSE),
(6, 'v1.6', 8, 'Ajustes na versao 6', 'Conteudo do arquivo versao 6', '2026-04-07', 12, 17, TRUE),
(7, 'v1.7', 9, 'Ajustes na versao 7', 'Conteudo do arquivo versao 7', '2026-04-08', 13, 18, FALSE),
(8, 'v1.8', 10, 'Ajustes na versao 8', 'Conteudo do arquivo versao 8', '2026-04-09', 14, 19, TRUE),
(9, 'v1.9', 11, 'Ajustes na versao 9', 'Conteudo do arquivo versao 9', '2026-04-10', 15, 20, FALSE),
(10, 'v1.10', 12, 'Ajustes na versao 10', 'Conteudo do arquivo versao 10', '2026-04-11', 16, 1, TRUE),
(11, 'v1.11', 13, 'Ajustes na versao 11', 'Conteudo do arquivo versao 11', '2026-04-12', 17, 2, FALSE),
(12, 'v1.12', 14, 'Ajustes na versao 12', 'Conteudo do arquivo versao 12', '2026-04-13', 18, 3, TRUE),
(13, 'v1.13', 15, 'Ajustes na versao 13', 'Conteudo do arquivo versao 13', '2026-04-14', 19, 4, FALSE),
(14, 'v1.14', 16, 'Ajustes na versao 14', 'Conteudo do arquivo versao 14', '2026-04-15', 20, 5, TRUE),
(15, 'v1.15', 17, 'Ajustes na versao 15', 'Conteudo do arquivo versao 15', '2026-04-16', 1, 6, FALSE),
(16, 'v1.16', 18, 'Ajustes na versao 16', 'Conteudo do arquivo versao 16', '2026-04-17', 2, 7, TRUE),
(17, 'v1.17', 19, 'Ajustes na versao 17', 'Conteudo do arquivo versao 17', '2026-04-18', 3, 8, FALSE),
(18, 'v1.18', 20, 'Ajustes na versao 18', 'Conteudo do arquivo versao 18', '2026-04-19', 4, 9, TRUE),
(19, 'v1.19', 1, 'Ajustes na versao 19', 'Conteudo do arquivo versao 19', '2026-04-20', 5, 10, FALSE),
(20, 'v1.20', 2, 'Ajustes na versao 20', 'Conteudo do arquivo versao 20', '2026-04-21', 6, 11, TRUE);